{
  "val_loss_X": 0.0008209260413423181,
  "val_loss_Y": 0.002308101858943701,
  "val_mae_X": 0.02284982241690159,
  "val_mae_Y": 0.038743238896131516,
  "val_r2_X": 0.9656808376312256,
  "val_r2_Y": 0.9027884602546692,
  "val_mae": 0.030796529725193977,
  "val_dec1_cross_entropy": -1.0357024669647217,
  "val_dec1_self_entropy": 0.536557137966156,
  "val_dec2_cross_entropy": -1.5818638801574707,
  "val_dec2_self_entropy": 0.4105075001716614,
  "val_notears": 0.0,
  "val_loss": 0.003707484807819128,
  "train_loss_X": 0.0023503629490733147,
  "train_loss_Y": 0.0022190972231328487,
  "train_mae_X": 0.03746574744582176,
  "train_mae_Y": 0.03573876991868019,
  "train_r2_X": 0.9026886224746704,
  "train_r2_Y": 0.9072132110595703,
  "train_mae": 0.03660225123167038,
  "train_dec1_cross_entropy": -1.0112801790237427,
  "train_dec1_self_entropy": 0.5355457663536072,
  "train_dec2_cross_entropy": -1.5949478149414062,
  "train_dec2_self_entropy": 0.44588813185691833,
  "train_notears": 0.0,
  "train_loss": 0.0045807743445038795,
  "test_loss_X": 0.0009320497047156096,
  "test_loss_Y": 0.0028207595460116863,
  "test_mae_X": 0.02444113977253437,
  "test_mae_Y": 0.04370070993900299,
  "test_r2_X": 0.9609413743019104,
  "test_r2_Y": 0.8784371614456177,
  "test_mae": 0.03407092019915581,
  "test_dec1_cross_entropy": -1.0595306158065796,
  "test_dec1_self_entropy": 0.5277301073074341,
  "test_dec2_cross_entropy": -1.5870832204818726,
  "test_dec2_self_entropy": 0.37749797105789185,
  "test_notears": 0.0,
  "test_loss": 0.00406261021271348,
  "best_epoch": 183,
  "best_checkpoint_path": "/cluster/home/josephj/Masterarbeit/causaliT_new/experiments/stage_mask_off/k_1/checkpoints/best_checkpoint.ckpt"
}