{
  "val_loss_X": 0.0007529739523306489,
  "val_loss_Y": 0.001678770873695612,
  "val_mae_X": 0.02144376002252102,
  "val_mae_Y": 0.032017651945352554,
  "val_r2_X": 0.9691785573959351,
  "val_r2_Y": 0.9299848079681396,
  "val_mae": 0.026730705052614212,
  "val_dec1_cross_entropy": -1.3066552877426147,
  "val_dec1_self_entropy": 0.48075637221336365,
  "val_dec2_cross_entropy": -0.3334859013557434,
  "val_dec2_self_entropy": 0.48756998777389526,
  "val_notears": 0.0,
  "val_loss": 78.79973602294922,
  "train_loss_X": 0.0020015323534607887,
  "train_loss_Y": 0.0021819286048412323,
  "train_mae_X": 0.0347893200814724,
  "train_mae_Y": 0.03638546168804169,
  "train_r2_X": 0.9162898063659668,
  "train_r2_Y": 0.9073091149330139,
  "train_mae": 0.035587381571531296,
  "train_dec1_cross_entropy": -1.277083396911621,
  "train_dec1_self_entropy": 0.4995010793209076,
  "train_dec2_cross_entropy": -0.25335708260536194,
  "train_dec2_self_entropy": 0.46874600648880005,
  "train_notears": 0.0,
  "train_loss": 1.5053737163543701,
  "test_loss_X": 0.0008055220823734999,
  "test_loss_Y": 0.0017911846516653895,
  "test_mae_X": 0.02234761416912079,
  "test_mae_Y": 0.03347775712609291,
  "test_r2_X": 0.9657524228096008,
  "test_r2_Y": 0.9234808087348938,
  "test_mae": 0.0279126837849617,
  "test_dec1_cross_entropy": -1.336462140083313,
  "test_dec1_self_entropy": 0.47923415899276733,
  "test_dec2_cross_entropy": -0.35323983430862427,
  "test_dec2_self_entropy": 0.48769381642341614,
  "test_notears": 0.0,
  "test_loss": 95.96939849853516,
  "best_epoch": 199,
  "best_checkpoint_path": "/cluster/home/josephj/Masterarbeit/causaliT_new/experiments/stage_mask_off/k_4/checkpoints/best_checkpoint.ckpt"
}