{
  "val_loss_X": 0.0008506031590513885,
  "val_loss_Y": 0.0016540250508114696,
  "val_mae_X": 0.023196537047624588,
  "val_mae_Y": 0.032559480518102646,
  "val_r2_X": 0.9633197784423828,
  "val_r2_Y": 0.9278665781021118,
  "val_mae": 0.027878014370799065,
  "val_dec1_cross_entropy": -0.7440313100814819,
  "val_dec1_self_entropy": 0.40461665391921997,
  "val_dec2_cross_entropy": 0.2969231903553009,
  "val_dec2_self_entropy": 0.31082165241241455,
  "val_notears": 0.0,
  "val_loss": 7.317939281463623,
  "train_loss_X": 0.002375403419137001,
  "train_loss_Y": 0.001597174908965826,
  "train_mae_X": 0.03791268169879913,
  "train_mae_Y": 0.03015165962278843,
  "train_r2_X": 0.9021205306053162,
  "train_r2_Y": 0.9332877397537231,
  "train_mae": 0.03403215482831001,
  "train_dec1_cross_entropy": -0.688784658908844,
  "train_dec1_self_entropy": 0.43331092596054077,
  "train_dec2_cross_entropy": 0.2734086811542511,
  "train_dec2_self_entropy": 0.3474087417125702,
  "train_notears": 0.0,
  "train_loss": 0.23373836278915405,
  "test_loss_X": 0.0008993153460323811,
  "test_loss_Y": 0.001894028508104384,
  "test_mae_X": 0.023947879672050476,
  "test_mae_Y": 0.03506110981106758,
  "test_r2_X": 0.9618170857429504,
  "test_r2_Y": 0.9186788201332092,
  "test_mae": 0.02950449287891388,
  "test_dec1_cross_entropy": -0.7276002764701843,
  "test_dec1_self_entropy": 0.40406334400177,
  "test_dec2_cross_entropy": 0.2647804617881775,
  "test_dec2_self_entropy": 0.302971214056015,
  "test_notears": 0.0,
  "test_loss": 3.785806894302368,
  "best_epoch": 197,
  "best_checkpoint_path": "/cluster/home/josephj/Masterarbeit/causaliT_new/experiments/stage_mask_off/k_2/checkpoints/best_checkpoint.ckpt"
}