{
  "val_loss_X": 0.0008473500492982566,
  "val_loss_Y": 0.0013960199430584908,
  "val_mae_X": 0.022560151293873787,
  "val_mae_Y": 0.02916458621621132,
  "val_r2_X": 0.9650533199310303,
  "val_r2_Y": 0.9415703415870667,
  "val_mae": 0.02586236782371998,
  "val_dec1_cross_entropy": -0.2721790671348572,
  "val_dec1_self_entropy": 0.569063663482666,
  "val_dec2_cross_entropy": -0.4657151401042938,
  "val_dec2_self_entropy": 0.37098538875579834,
  "val_notears": 0.0,
  "val_loss": 0.006266537122428417,
  "train_loss_X": 0.0021380609832704067,
  "train_loss_Y": 0.0017068625893443823,
  "train_mae_X": 0.0355292409658432,
  "train_mae_Y": 0.03099220246076584,
  "train_r2_X": 0.910891056060791,
  "train_r2_Y": 0.928291380405426,
  "train_mae": 0.03326072171330452,
  "train_dec1_cross_entropy": -0.29595768451690674,
  "train_dec1_self_entropy": 0.5776614546775818,
  "train_dec2_cross_entropy": -0.44439297914505005,
  "train_dec2_self_entropy": 0.430313378572464,
  "train_notears": 0.0,
  "train_loss": 0.0039323377422988415,
  "test_loss_X": 0.000913592055439949,
  "test_loss_Y": 0.001646624063141644,
  "test_mae_X": 0.023066602647304535,
  "test_mae_Y": 0.03187418729066849,
  "test_r2_X": 0.9616669416427612,
  "test_r2_Y": 0.9301910400390625,
  "test_mae": 0.027470391243696213,
  "test_dec1_cross_entropy": -0.28901588916778564,
  "test_dec1_self_entropy": 0.5658097863197327,
  "test_dec2_cross_entropy": -0.4335950016975403,
  "test_dec2_self_entropy": 0.37963515520095825,
  "test_notears": 0.0,
  "test_loss": 0.009026696905493736,
  "best_epoch": 198,
  "best_checkpoint_path": "/cluster/home/josephj/Masterarbeit/causaliT_new/experiments/stage_mask_off/k_3/checkpoints/best_checkpoint.ckpt"
}