{
  "val_loss_X": 0.0013194172643125057,
  "val_loss_Y": 0.0021259726490825415,
  "val_mae_X": 0.027346577495336533,
  "val_mae_Y": 0.03495359048247337,
  "val_r2_X": 0.9451352953910828,
  "val_r2_Y": 0.9106284976005554,
  "val_mae": 0.031150083988904953,
  "val_dec1_cross_entropy": -1.037377119064331,
  "val_dec1_self_entropy": 0.0,
  "val_dec2_cross_entropy": -0.8449281454086304,
  "val_dec2_self_entropy": 0.0,
  "val_notears": 0.0,
  "val_loss": 0.0036684884689748287,
  "train_loss_X": 0.004035091493278742,
  "train_loss_Y": 0.0025728167966008186,
  "train_mae_X": 0.04864910989999771,
  "train_mae_Y": 0.03590936213731766,
  "train_r2_X": 0.8327448964118958,
  "train_r2_Y": 0.8924759030342102,
  "train_mae": 0.04227922856807709,
  "train_dec1_cross_entropy": -1.0395095348358154,
  "train_dec1_self_entropy": 0.0,
  "train_dec2_cross_entropy": -0.8419166803359985,
  "train_dec2_self_entropy": 0.0,
  "train_notears": 0.0,
  "train_loss": 0.006615764461457729,
  "test_loss_X": 0.0013760895235463977,
  "test_loss_Y": 0.0028575530741363764,
  "test_mae_X": 0.028660736978054047,
  "test_mae_Y": 0.0423223078250885,
  "test_r2_X": 0.9420817494392395,
  "test_r2_Y": 0.8763096928596497,
  "test_mae": 0.03549151495099068,
  "test_dec1_cross_entropy": -0.9929345846176147,
  "test_dec1_self_entropy": 0.0,
  "test_dec2_cross_entropy": -0.8937897682189941,
  "test_dec2_self_entropy": 0.0,
  "test_notears": 0.0,
  "test_loss": 0.0048063634894788265,
  "best_epoch": 129,
  "best_checkpoint_path": "/cluster/home/josephj/Masterarbeit/causaliT_new/experiments/stage_mask_on/k_1/checkpoints/best_checkpoint.ckpt"
}