{
  "val_loss_X": 0.022352375090122223,
  "val_loss_Y": 0.01078571006655693,
  "val_mae_X": 0.08039236813783646,
  "val_mae_Y": 0.06936927139759064,
  "val_r2_X": 0.8549502491950989,
  "val_r2_Y": 0.6014495491981506,
  "val_mae": 0.07269736379384995,
  "val_notears": 0.0,
  "val_loss": 0.03313808515667915,
  "train_loss_X": 0.023915179073810577,
  "train_loss_Y": 0.008828388527035713,
  "train_mae_X": 0.09282251447439194,
  "train_mae_Y": 0.06383835524320602,
  "train_r2_X": 0.8445611596107483,
  "train_r2_Y": 0.6614298224449158,
  "train_mae": 0.07258924096822739,
  "train_notears": 0.0,
  "train_loss": 0.032743558287620544,
  "test_loss_X": 0.02212630957365036,
  "test_loss_Y": 0.010845120064914227,
  "test_mae_X": 0.08477416634559631,
  "test_mae_Y": 0.06987440586090088,
  "test_r2_X": 0.8571312427520752,
  "test_r2_Y": 0.6060858368873596,
  "test_mae": 0.07437294721603394,
  "test_notears": 0.0,
  "test_loss": 0.03297142684459686,
  "best_epoch": 493,
  "best_checkpoint_path": "/cluster/home/josephj/Masterarbeit/causaliT_new/experiments/stage_dyconex/k_3/checkpoints/best_checkpoint.ckpt"
}