{
  "val_loss_X": 0.0008502125274389982,
  "val_loss_Y": 0.001665484276600182,
  "val_mae_X": 0.022733384743332863,
  "val_mae_Y": 0.03243597224354744,
  "val_r2_X": 0.9648282527923584,
  "val_r2_Y": 0.930105984210968,
  "val_mae": 0.027584677562117577,
  "val_dec1_cross_entropy": -1.0931096076965332,
  "val_dec1_self_entropy": 0.0,
  "val_dec2_cross_entropy": 0.3527396321296692,
  "val_dec2_self_entropy": 0.0,
  "val_notears": 0.0,
  "val_loss": -0.0014159776037558913,
  "train_loss_X": 0.002587138442322612,
  "train_loss_Y": 0.0013318685814738274,
  "train_mae_X": 0.03861839696764946,
  "train_mae_Y": 0.025949906557798386,
  "train_r2_X": 0.8928408026695251,
  "train_r2_Y": 0.9440612196922302,
  "train_mae": 0.03228416293859482,
  "train_dec1_cross_entropy": -1.088741421699524,
  "train_dec1_self_entropy": 0.0,
  "train_dec2_cross_entropy": 0.3512865900993347,
  "train_dec2_self_entropy": 0.0,
  "train_notears": 0.0,
  "train_loss": 0.0040849074721336365,
  "test_loss_X": 0.0009662732481956482,
  "test_loss_Y": 0.0017527748132124543,
  "test_mae_X": 0.024174267426133156,
  "test_mae_Y": 0.033597417175769806,
  "test_r2_X": 0.9592723250389099,
  "test_r2_Y": 0.925136387348175,
  "test_mae": 0.028885843232274055,
  "test_dec1_cross_entropy": -1.0718392133712769,
  "test_dec1_self_entropy": 0.0,
  "test_dec2_cross_entropy": 0.3527345359325409,
  "test_dec2_self_entropy": 0.0,
  "test_notears": 0.0,
  "test_loss": -0.008686375804245472,
  "best_epoch": 171,
  "best_checkpoint_path": "/cluster/home/josephj/Masterarbeit/causaliT_new/experiments/stage_mask_on/k_4/checkpoints/best_checkpoint.ckpt"
}