{
  "val_loss_X": 0.0005605529877357185,
  "val_loss_Y": 0.001242229132913053,
  "val_mae_X": 0.01816525310277939,
  "val_mae_Y": 0.02770935371518135,
  "val_r2_X": 0.977220892906189,
  "val_r2_Y": 0.9487072825431824,
  "val_mae": 0.022937295958399773,
  "val_dec1_cross_entropy": 0.6871134042739868,
  "val_dec1_self_entropy": 0.4479670822620392,
  "val_dec2_cross_entropy": -0.3620642423629761,
  "val_dec2_self_entropy": 0.4723048508167267,
  "val_notears": 0.0,
  "val_loss": 0.11353544145822525,
  "train_loss_X": 0.0017895506462082267,
  "train_loss_Y": 0.0017060397658497095,
  "train_mae_X": 0.03248504921793938,
  "train_mae_Y": 0.03100893273949623,
  "train_r2_X": 0.9255967140197754,
  "train_r2_Y": 0.9283473491668701,
  "train_mae": 0.0317469947040081,
  "train_dec1_cross_entropy": 0.5913958549499512,
  "train_dec1_self_entropy": 0.4649999141693115,
  "train_dec2_cross_entropy": -0.3160827159881592,
  "train_dec2_self_entropy": 0.5105164647102356,
  "train_notears": 0.0,
  "train_loss": 0.005785936024039984,
  "test_loss_X": 0.0006968739908188581,
  "test_loss_Y": 0.001307378988713026,
  "test_mae_X": 0.0197016391903162,
  "test_mae_Y": 0.028231896460056305,
  "test_r2_X": 0.9703682661056519,
  "test_r2_Y": 0.9439919590950012,
  "test_mae": 0.023966770619153976,
  "test_dec1_cross_entropy": 0.6697232127189636,
  "test_dec1_self_entropy": 0.4535638093948364,
  "test_dec2_cross_entropy": -0.34171921014785767,
  "test_dec2_self_entropy": 0.47166141867637634,
  "test_notears": 0.0,
  "test_loss": 0.09028930962085724,
  "best_epoch": 192,
  "best_checkpoint_path": "/cluster/home/josephj/Masterarbeit/causaliT_new/experiments/stage_mask_off/k_0/checkpoints/best_checkpoint.ckpt"
}