{
  "val_loss_X": 0.024190016090869904,
  "val_loss_Y": 0.02644108235836029,
  "val_mae_X": 0.09268825501203537,
  "val_mae_Y": 0.12740133702754974,
  "val_r2_X": 0.8430468440055847,
  "val_r2_Y": 0.015936942771077156,
  "val_mae": 0.11692076921463013,
  "val_notears": 0.0,
  "val_loss": 0.050631094723939896,
  "train_loss_X": 0.03062283992767334,
  "train_loss_Y": 0.019017748534679413,
  "train_mae_X": 0.1173076257109642,
  "train_mae_Y": 0.10503831505775452,
  "train_r2_X": 0.800796389579773,
  "train_r2_Y": 0.27274131774902344,
  "train_mae": 0.10874266922473907,
  "train_notears": 0.0,
  "train_loss": 0.04964059218764305,
  "test_loss_X": 0.012433418072760105,
  "test_loss_Y": 0.06472507864236832,
  "test_mae_X": 0.06235956773161888,
  "test_mae_Y": 0.20676718652248383,
  "test_r2_X": 0.9197617173194885,
  "test_r2_Y": -1.3639360666275024,
  "test_mae": 0.16316767036914825,
  "test_notears": 0.0,
  "test_loss": 0.07715848833322525,
  "best_epoch": 70,
  "best_checkpoint_path": "/cluster/home/josephj/Masterarbeit/causaliT_new/experiments/stage_dyconex/k_2/checkpoints/best_checkpoint.ckpt"
}