{
  "val_loss_X": 0.022273564711213112,
  "val_loss_Y": 0.022637777030467987,
  "val_mae_X": 0.08975139260292053,
  "val_mae_Y": 0.11576241254806519,
  "val_r2_X": 0.8554751873016357,
  "val_r2_Y": 0.1568000465631485,
  "val_mae": 0.1079091727733612,
  "val_notears": 0.0,
  "val_loss": 0.04491134360432625,
  "train_loss_X": 0.02436915598809719,
  "train_loss_Y": 0.008753638714551926,
  "train_mae_X": 0.09788909554481506,
  "train_mae_Y": 0.06363894045352936,
  "train_r2_X": 0.841624915599823,
  "train_r2_Y": 0.6680422425270081,
  "train_mae": 0.07397973537445068,
  "train_notears": 0.0,
  "train_loss": 0.03312279284000397,
  "test_loss_X": 0.021698730066418648,
  "test_loss_Y": 0.02396736480295658,
  "test_mae_X": 0.08715321868658066,
  "test_mae_Y": 0.12124363332986832,
  "test_r2_X": 0.8599024415016174,
  "test_r2_Y": 0.12893879413604736,
  "test_mae": 0.11095108836889267,
  "test_notears": 0.0,
  "test_loss": 0.04566609859466553,
  "best_epoch": 487,
  "best_checkpoint_path": "/cluster/home/josephj/Masterarbeit/causaliT_new/experiments/stage_dyconex/k_0/checkpoints/best_checkpoint.ckpt"
}