{
  "val_loss_X": 0.0007851581904105842,
  "val_loss_Y": 0.0020635887049138546,
  "val_mae_X": 0.021866271272301674,
  "val_mae_Y": 0.036371804773807526,
  "val_r2_X": 0.9675002098083496,
  "val_r2_Y": 0.9137551784515381,
  "val_mae": 0.029119038954377174,
  "val_dec1_cross_entropy": 0.30141913890838623,
  "val_dec1_self_entropy": 0.0,
  "val_dec2_cross_entropy": -0.16169065237045288,
  "val_dec2_self_entropy": 0.0,
  "val_notears": 0.0,
  "val_loss": 0.006130040157586336,
  "train_loss_X": 0.002557571744546294,
  "train_loss_Y": 0.001881276722997427,
  "train_mae_X": 0.03828718885779381,
  "train_mae_Y": 0.03142835199832916,
  "train_r2_X": 0.8934743404388428,
  "train_r2_Y": 0.9207911491394043,
  "train_mae": 0.03485776484012604,
  "train_dec1_cross_entropy": 0.2896495759487152,
  "train_dec1_self_entropy": 0.0,
  "train_dec2_cross_entropy": -0.146163210272789,
  "train_dec2_self_entropy": 0.0,
  "train_notears": 0.0,
  "train_loss": 0.0045205517672002316,
  "test_loss_X": 0.0010447112144902349,
  "test_loss_Y": 0.002483749995008111,
  "test_mae_X": 0.024584976956248283,
  "test_mae_Y": 0.04002033546566963,
  "test_r2_X": 0.9557487964630127,
  "test_r2_Y": 0.8942081928253174,
  "test_mae": 0.03230265527963638,
  "test_dec1_cross_entropy": 0.2927255928516388,
  "test_dec1_self_entropy": 0.0,
  "test_dec2_cross_entropy": -0.1434697061777115,
  "test_dec2_self_entropy": 0.0,
  "test_notears": 0.0,
  "test_loss": 0.008635045029222965,
  "best_epoch": 196,
  "best_checkpoint_path": "/cluster/home/josephj/Masterarbeit/causaliT_new/experiments/stage_mask_on/k_3/checkpoints/best_checkpoint.ckpt"
}