{
  "total_folds": 5,
  "completed_folds": 5,
  "fold_results": {
    "0": {
      "metrics": {
        "val_loss_X": 0.022083908319473267,
        "val_loss_Y": 0.02322346903383732,
        "val_mae_X": 0.08756019920110703,
        "val_mae_Y": 0.11817044019699097,
        "val_r2_X": 0.8566982746124268,
        "val_r2_Y": 0.13496726751327515,
        "val_mae": 0.10892859101295471,
        "val_notears": 0.0,
        "val_loss": 0.045307379215955734,
        "test_loss_X": 0.021698730066418648,
        "test_loss_Y": 0.02396736480295658,
        "test_mae_X": 0.08715321868658066,
        "test_mae_Y": 0.12124363332986832,
        "test_r2_X": 0.8599024415016174,
        "test_r2_Y": 0.12893879413604736,
        "test_mae": 0.11095108836889267,
        "test_notears": 0.0,
        "test_loss": 0.04566609859466553,
        "trainable_params": 260700,
        "total_training_time": 1198.619966506958,
        "avg_time_per_epoch": 2.39245502296798
      },
      "best_checkpoint_path": null,
      "fold_dir": "/cluster/home/josephj/Masterarbeit/causaliT_new/experiments/stage_dyconex/k_0"
    },
    "1": {
      "metrics": {
        "val_loss_X": 0.1093551516532898,
        "val_loss_Y": 0.029768632724881172,
        "val_mae_X": 0.2399776130914688,
        "val_mae_Y": 0.13949264585971832,
        "val_r2_X": 0.2908211052417755,
        "val_r2_Y": -0.11230029910802841,
        "val_mae": 0.1698310226202011,
        "val_notears": 0.0,
        "val_loss": 0.13912378251552582,
        "test_loss_X": 0.11007391661405563,
        "test_loss_Y": 0.031250253319740295,
        "test_mae_X": 0.23964792490005493,
        "test_mae_Y": 0.14312516152858734,
        "test_r2_X": 0.2895880341529846,
        "test_r2_Y": -0.13740195333957672,
        "test_mae": 0.17226730287075043,
        "test_notears": 0.0,
        "test_loss": 0.14132417738437653,
        "trainable_params": 260700,
        "total_training_time": 1190.9305732250214,
        "avg_time_per_epoch": 2.377106932584873
      },
      "best_checkpoint_path": null,
      "fold_dir": "/cluster/home/josephj/Masterarbeit/causaliT_new/experiments/stage_dyconex/k_1"
    },
    "2": {
      "metrics": {
        "val_loss_X": 0.01202233973890543,
        "val_loss_Y": 0.06118324398994446,
        "val_mae_X": 0.06222565844655037,
        "val_mae_Y": 0.20006050169467926,
        "val_r2_X": 0.9220076203346252,
        "val_r2_Y": -1.292259693145752,
        "val_mae": 0.15844546258449554,
        "val_notears": 0.0,
        "val_loss": 0.07320558279752731,
        "test_loss_X": 0.012433418072760105,
        "test_loss_Y": 0.06472507864236832,
        "test_mae_X": 0.06235956773161888,
        "test_mae_Y": 0.20676718652248383,
        "test_r2_X": 0.9197617173194885,
        "test_r2_Y": -1.3639360666275024,
        "test_mae": 0.16316767036914825,
        "test_notears": 0.0,
        "test_loss": 0.07715848833322525,
        "trainable_params": 260700,
        "total_training_time": 1171.1589047908783,
        "avg_time_per_epoch": 2.3376425245326913
      },
      "best_checkpoint_path": null,
      "fold_dir": "/cluster/home/josephj/Masterarbeit/causaliT_new/experiments/stage_dyconex/k_2"
    },
    "3": {
      "metrics": {
        "val_loss_X": 0.022559044882655144,
        "val_loss_Y": 0.010784025304019451,
        "val_mae_X": 0.08526911586523056,
        "val_mae_Y": 0.06990606337785721,
        "val_r2_X": 0.8536067605018616,
        "val_r2_Y": 0.6015509963035583,
        "val_mae": 0.07454447448253632,
        "val_notears": 0.0,
        "val_loss": 0.03334306553006172,
        "test_loss_X": 0.02212630957365036,
        "test_loss_Y": 0.010845120064914227,
        "test_mae_X": 0.08477416634559631,
        "test_mae_Y": 0.06987440586090088,
        "test_r2_X": 0.8571312427520752,
        "test_r2_Y": 0.6060858368873596,
        "test_mae": 0.07437294721603394,
        "test_notears": 0.0,
        "test_loss": 0.03297142684459686,
        "trainable_params": 260700,
        "total_training_time": 1181.5946412086487,
        "avg_time_per_epoch": 2.3584723377418135
      },
      "best_checkpoint_path": null,
      "fold_dir": "/cluster/home/josephj/Masterarbeit/causaliT_new/experiments/stage_dyconex/k_3"
    },
    "4": {
      "metrics": {
        "val_loss_X": 0.02423613704741001,
        "val_loss_Y": 0.052605535835027695,
        "val_mae_X": 0.09504926949739456,
        "val_mae_Y": 0.1847779005765915,
        "val_r2_X": 0.8427407741546631,
        "val_r2_Y": -0.9686446189880371,
        "val_mae": 0.15768705308437347,
        "val_notears": 0.0,
        "val_loss": 0.07684166729450226,
        "test_loss_X": 0.023537857457995415,
        "test_loss_Y": 0.05671235918998718,
        "test_mae_X": 0.09381383657455444,
        "test_mae_Y": 0.19375915825366974,
        "test_r2_X": 0.8480302691459656,
        "test_r2_Y": -1.0752726793289185,
        "test_mae": 0.16358371078968048,
        "test_notears": 0.0,
        "test_loss": 0.08025021106004715,
        "trainable_params": 260700,
        "total_training_time": 1183.4424743652344,
        "avg_time_per_epoch": 2.3621606274755176
      },
      "best_checkpoint_path": null,
      "fold_dir": "/cluster/home/josephj/Masterarbeit/causaliT_new/experiments/stage_dyconex/k_4"
    }
  },
  "statistics": {
    "val_loss_X": {
      "mean": 0.038051316328346727,
      "std": 0.03590981015258513,
      "min": 0.01202233973890543,
      "max": 0.1093551516532898
    },
    "val_loss_Y": {
      "mean": 0.03551298137754202,
      "std": 0.018690472032816215,
      "min": 0.010784025304019451,
      "max": 0.06118324398994446
    },
    "val_mae_X": {
      "mean": 0.11401637122035027,
      "std": 0.06392901854317155,
      "min": 0.06222565844655037,
      "max": 0.2399776130914688
    },
    "val_mae_Y": {
      "mean": 0.14248151034116746,
      "std": 0.0468433171681999,
      "min": 0.06990606337785721,
      "max": 0.20006050169467926
    },
    "val_r2_X": {
      "mean": 0.7531749069690704,
      "std": 0.23285240496547124,
      "min": 0.2908211052417755,
      "max": 0.9220076203346252
    },
    "val_r2_Y": {
      "mean": -0.3273372694849968,
      "std": 0.7021609778516208,
      "min": -1.292259693145752,
      "max": 0.6015509963035583
    },
    "val_mae": {
      "mean": 0.13388732075691223,
      "std": 0.03634828988245697,
      "min": 0.07454447448253632,
      "max": 0.1698310226202011
    },
    "val_notears": {
      "mean": 0.0,
      "std": 0.0,
      "min": 0.0,
      "max": 0.0
    },
    "val_loss": {
      "mean": 0.07356429547071457,
      "std": 0.03667456021985638,
      "min": 0.03334306553006172,
      "max": 0.13912378251552582
    },
    "test_loss_X": {
      "mean": 0.03797404635697603,
      "std": 0.036263356754935167,
      "min": 0.012433418072760105,
      "max": 0.11007391661405563
    },
    "test_loss_Y": {
      "mean": 0.03750003520399332,
      "std": 0.020213826090176704,
      "min": 0.010845120064914227,
      "max": 0.06472507864236832
    },
    "test_mae_X": {
      "mean": 0.11354974284768105,
      "std": 0.06393043380513426,
      "min": 0.06235956773161888,
      "max": 0.23964792490005493
    },
    "test_mae_Y": {
      "mean": 0.14695390909910203,
      "std": 0.049770045031292114,
      "min": 0.06987440586090088,
      "max": 0.20676718652248383
    },
    "test_r2_X": {
      "mean": 0.7548827409744263,
      "std": 0.23402760378028462,
      "min": 0.2895880341529846,
      "max": 0.9197617173194885
    },
    "test_r2_Y": {
      "mean": -0.36831721365451814,
      "std": 0.7404173999140747,
      "min": -1.3639360666275024,
      "max": 0.6060858368873596
    },
    "test_mae": {
      "mean": 0.13686854392290115,
      "std": 0.038041636236484086,
      "min": 0.07437294721603394,
      "max": 0.17226730287075043
    },
    "test_notears": {
      "mean": 0.0,
      "std": 0.0,
      "min": 0.0,
      "max": 0.0
    },
    "test_loss": {
      "mean": 0.07547408044338226,