{
  "val_loss_X": 0.12714116275310516,
  "val_loss_Y": 0.021837890148162842,
  "val_mae_X": 0.2481781244277954,
  "val_mae_Y": 0.11319199949502945,
  "val_r2_X": 0.17542755603790283,
  "val_r2_Y": 0.1859443038702011,
  "val_mae": 0.15394698083400726,
  "val_notears": 0.0,
  "val_loss": 0.1489790678024292,
  "train_loss_X": 0.04914901778101921,
  "train_loss_Y": 0.010784070938825607,
  "train_mae_X": 0.156281515955925,
  "train_mae_Y": 0.07321466505527496,
  "train_r2_X": 0.6806642413139343,
  "train_r2_Y": 0.5913853645324707,
  "train_mae": 0.09829416871070862,
  "train_notears": 0.0,
  "train_loss": 0.05993308499455452,
  "test_loss_X": 0.11007391661405563,
  "test_loss_Y": 0.031250253319740295,
  "test_mae_X": 0.23964792490005493,
  "test_mae_Y": 0.14312516152858734,
  "test_r2_X": 0.2895880341529846,
  "test_r2_Y": -0.13740195333957672,
  "test_mae": 0.17226730287075043,
  "test_notears": 0.0,
  "test_loss": 0.14132417738437653,
  "best_epoch": 472,
  "best_checkpoint_path": "/cluster/home/josephj/Masterarbeit/causaliT_new/experiments/stage_dyconex/k_1/checkpoints/best_checkpoint.ckpt"
}