{
  "val_loss_X": 0.0006342721171677113,
  "val_loss_Y": 0.0015500342706218362,
  "val_mae_X": 0.019022278487682343,
  "val_mae_Y": 0.030403373762965202,
  "val_r2_X": 0.9741132259368896,
  "val_r2_Y": 0.936123251914978,
  "val_mae": 0.024712828919291496,
  "val_dec1_cross_entropy": 0.28527069091796875,
  "val_dec1_self_entropy": 0.0,
  "val_dec2_cross_entropy": 0.11245830357074738,
  "val_dec2_self_entropy": 0.0,
  "val_notears": 0.0,
  "val_loss": 0.007182943169027567,
  "train_loss_X": 0.0021622576750814915,
  "train_loss_Y": 0.0015534907579421997,
  "train_mae_X": 0.03496415913105011,
  "train_mae_Y": 0.028332965448498726,
  "train_r2_X": 0.9103944301605225,
  "train_r2_Y": 0.9348184466362,
  "train_mae": 0.031648579984903336,
  "train_dec1_cross_entropy": 0.2824937105178833,
  "train_dec1_self_entropy": 0.0,
  "train_dec2_cross_entropy": 0.12371310591697693,
  "train_dec2_self_entropy": 0.0,
  "train_notears": 0.0,
  "train_loss": 0.0037690617609769106,
  "test_loss_X": 0.0008672204567119479,
  "test_loss_Y": 0.0017591227078810334,
  "test_mae_X": 0.02160346880555153,
  "test_mae_Y": 0.03230685740709305,
  "test_r2_X": 0.9632183313369751,
  "test_r2_Y": 0.9246450662612915,
  "test_mae": 0.02695516124367714,
  "test_dec1_cross_entropy": 0.2819390296936035,
  "test_dec1_self_entropy": 0.0,
  "test_dec2_cross_entropy": 0.10217849910259247,
  "test_dec2_self_entropy": 0.0,
  "test_notears": 0.0,
  "test_loss": 0.003565173363313079,
  "best_epoch": 192,
  "best_checkpoint_path": "/cluster/home/josephj/Masterarbeit/causaliT_new/experiments/stage_mask_on/k_0/checkpoints/best_checkpoint.ckpt"
}