{
  "total_folds": 5,
  "completed_folds": 5,
  "fold_results": {
    "0": {
      "metrics": {
        "val_loss_X": 0.000740471703466028,
        "val_loss_Y": 0.0016256372909992933,
        "val_mae_X": 0.0202610045671463,
        "val_mae_Y": 0.03128383308649063,
        "val_r2_X": 0.9691886901855469,
        "val_r2_Y": 0.932125985622406,
        "val_mae": 0.025772418826818466,
        "val_dec1_cross_entropy": 0.27914050221443176,
        "val_dec1_self_entropy": 0.0,
        "val_dec2_cross_entropy": 0.10002750158309937,
        "val_dec2_self_entropy": 0.0,
        "val_notears": 0.0,
        "val_loss": 0.003265960840508342,
        "test_loss_X": 0.0008672204567119479,
        "test_loss_Y": 0.0017591227078810334,
        "test_mae_X": 0.02160346880555153,
        "test_mae_Y": 0.03230685740709305,
        "test_r2_X": 0.9632183313369751,
        "test_r2_Y": 0.9246450662612915,
        "test_mae": 0.02695516124367714,
        "test_dec1_cross_entropy": 0.2819390296936035,
        "test_dec1_self_entropy": 0.0,
        "test_dec2_cross_entropy": 0.10217849910259247,
        "test_dec2_self_entropy": 0.0,
        "test_notears": 0.0,
        "test_loss": 0.003565173363313079,
        "trainable_params": 9644,
        "total_training_time": 2568.1717150211334,
        "avg_time_per_epoch": 12.776973706572804
      },
      "best_checkpoint_path": null,
      "fold_dir": "/cluster/home/josephj/Masterarbeit/causaliT_new/experiments/stage_mask_on/k_0"
    },
    "1": {
      "metrics": {
        "val_loss_X": 0.0013255870435386896,
        "val_loss_Y": 0.0026880004443228245,
        "val_mae_X": 0.02832387201488018,
        "val_mae_Y": 0.04143662378191948,
        "val_r2_X": 0.9453522562980652,
        "val_r2_Y": 0.8858088850975037,
        "val_mae": 0.034880250692367554,
        "val_dec1_cross_entropy": -0.995408833026886,
        "val_dec1_self_entropy": 0.0,
        "val_dec2_cross_entropy": -0.8988012671470642,
        "val_dec2_self_entropy": 0.0,
        "val_notears": 0.0,
        "val_loss": 0.00459910137578845,
        "test_loss_X": 0.0013760895235463977,
        "test_loss_Y": 0.0028575530741363764,
        "test_mae_X": 0.028660736978054047,
        "test_mae_Y": 0.0423223078250885,
        "test_r2_X": 0.9420817494392395,
        "test_r2_Y": 0.8763096928596497,
        "test_mae": 0.03549151495099068,
        "test_dec1_cross_entropy": -0.9929345846176147,
        "test_dec1_self_entropy": 0.0,
        "test_dec2_cross_entropy": -0.8937897682189941,
        "test_dec2_self_entropy": 0.0,
        "test_notears": 0.0,
        "test_loss": 0.0048063634894788265,
        "trainable_params": 9644,
        "total_training_time": 2600.3206384181976,
        "avg_time_per_epoch": 12.936918599095511
      },
      "best_checkpoint_path": null,
      "fold_dir": "/cluster/home/josephj/Masterarbeit/causaliT_new/experiments/stage_mask_on/k_1"
    },
    "2": {
      "metrics": {
        "val_loss_X": 0.0010671522468328476,
        "val_loss_Y": 0.0022462799679487944,
        "val_mae_X": 0.02505107969045639,
        "val_mae_Y": 0.03831242024898529,
        "val_r2_X": 0.9541978240013123,
        "val_r2_Y": 0.9019601941108704,
        "val_mae": 0.03168175369501114,
        "val_dec1_cross_entropy": 0.2695638835430145,
        "val_dec1_self_entropy": 0.0,
        "val_dec2_cross_entropy": -0.10984179377555847,
        "val_dec2_self_entropy": 0.0,
        "val_notears": 0.0,
        "val_loss": 0.002816347172483802,
        "test_loss_X": 0.0011040451936423779,
        "test_loss_Y": 0.0025144440587610006,
        "test_mae_X": 0.025390958413481712,
        "test_mae_Y": 0.03975557163357735,
        "test_r2_X": 0.9524085521697998,
        "test_r2_Y": 0.8909634947776794,
        "test_mae": 0.03257326781749725,
        "test_dec1_cross_entropy": 0.2607823610305786,
        "test_dec1_self_entropy": 0.0,
        "test_dec2_cross_entropy": -0.11656579375267029,
        "test_dec2_self_entropy": 0.0,
        "test_notears": 0.0,
        "test_loss": 0.0030456448439508677,
        "trainable_params": 9644,
        "total_training_time": 2506.2318093776703,
        "avg_time_per_epoch": 12.46881497202821
      },
      "best_checkpoint_path": null,
      "fold_dir": "/cluster/home/josephj/Masterarbeit/causaliT_new/experiments/stage_mask_on/k_2"
    },
    "3": {
      "metrics": {
        "val_loss_X": 0.0008269953541457653,
        "val_loss_Y": 0.0024389992468059063,
        "val_mae_X": 0.022683866322040558,
        "val_mae_Y": 0.04019329696893692,
        "val_r2_X": 0.9662462472915649,
        "val_r2_Y": 0.8982595801353455,
        "val_mae": 0.03143858164548874,
        "val_dec1_cross_entropy": 0.28664740920066833,
        "val_dec1_self_entropy": 0.0,
        "val_dec2_cross_entropy": -0.14970171451568604,
        "val_dec2_self_entropy": 0.0,
        "val_notears": 0.0,
        "val_loss": 0.008374689146876335,
        "test_loss_X": 0.0010447112144902349,
        "test_loss_Y": 0.002483749995008111,
        "test_mae_X": 0.024584976956248283,
        "test_mae_Y": 0.04002033546566963,
        "test_r2_X": 0.9557487964630127,
        "test_r2_Y": 0.8942081928253174,
        "test_mae": 0.03230265527963638,
        "test_dec1_cross_entropy": 0.2927255928516388,
        "test_dec1_self_entropy": 0.0,
        "test_dec2_cross_entropy": -0.1434697061777115,
        "test_dec2_self_entropy": 0.0,
        "test_notears": 0.0,
        "test_loss": 0.008635045029222965,
        "trainable_params": 9644,
        "total_training_time": 2584.2203345298767,
        "avg_time_per_epoch": 12.856817584725755
      },
      "best_checkpoint_path": null,
      "fold_dir": "/cluster/home/josephj/Masterarbeit/causaliT_new/experiments/stage_mask_on/k_3"
    },
    "4": {
      "metrics": {
        "val_loss_X": 0.0011890898458659649,
        "val_loss_Y": 0.002095549600198865,
        "val_mae_X": 0.027202509343624115,
        "val_mae_Y": 0.036884650588035583,
        "val_r2_X": 0.9515994787216187,
        "val_r2_Y": 0.9134211540222168,
        "val_mae": 0.03204357624053955,
        "val_dec1_cross_entropy": -1.071192979812622,
        "val_dec1_self_entropy": 0.0,
        "val_dec2_cross_entropy": 0.3514907956123352,
        "val_dec2_self_entropy": 0.0,
        "val_notears": 0.0,
        "val_loss": -0.0075243436731398106,
        "test_loss_X": 0.0009662732481956482,
        "test_loss_Y": 0.0017527748132124543,
        "test_mae_X": 0.024174267426133156,
        "test_mae_Y": 0.033597417175769806,
        "test_r2_X": 0.9592723250389099,
        "test_r2_Y": 0.925136387348175,
        "test_mae": 0.028885843232274055,
        "test_dec1_cross_entropy": -1.0718392133712769,
        "test_dec1_self_entropy": 0.0,
        "test_dec2_cross_entropy": 0.3527345359325409,
        "test_dec2_self_entropy": 0.0,
        "test_notears": 0.0,
        "test_loss": -0.008686375804245472,
        "trainable_params": 9644,
        "total_training_time": 2535.4753682613373,
        "avg_time_per_epoch": 12.614305314733022
      },
      "best_checkpoint_path": null,
      "fold_dir": "/cluster/home/josephj/Masterarbeit/causaliT_new/experiments/stage_mask_on/k_4"
    }
  },
  "statistics": {
    "val_loss_X": {
      "mean": 0.001029859238769859,
      "std": 0.00021867738359234858,
      "min": 0.000740471703466028,
      "max": 0.0013255870435386896
    },
    "val_loss_Y": {
      "mean": 0.0022188933100551365,
      "std": 0.00035677010265756736,
      "min": 0.0016256372909992933,
      "max": 0.0026880004443228245
    },
    "val_mae_X": {
      "mean": 0.02470446638762951,
      "std": 0.002942367552207395,
      "min": 0.0202610045671463,
      "max": 0.02832387201488018
    },
    "val_mae_Y": {
      "mean": 0.03762216493487358,
      "std": 0.0035314486167313934,
      "min": 0.03128383308649063,
      "max": 0.04143662378191948
    },
    "val_r2_X": {
      "mean": 0.9573168992996216,
      "std": 0.009013799258219022,