{
  "val_loss_X": 0.000749596452806145,
  "val_loss_Y": 0.0018865469610318542,
  "val_mae_X": 0.021654995158314705,
  "val_mae_Y": 0.03453517332673073,
  "val_r2_X": 0.9678736329078674,
  "val_r2_Y": 0.9178858995437622,
  "val_mae": 0.028095081448554993,
  "val_dec1_cross_entropy": 0.2594335377216339,
  "val_dec1_self_entropy": 0.0,
  "val_dec2_cross_entropy": -0.10183633118867874,
  "val_dec2_self_entropy": 0.0,
  "val_notears": 0.0,
  "val_loss": 0.0024089268408715725,
  "train_loss_X": 0.002353731309995055,
  "train_loss_Y": 0.0017030349699780345,
  "train_mae_X": 0.03691914677619934,
  "train_mae_Y": 0.029805095866322517,
  "train_r2_X": 0.903041660785675,
  "train_r2_Y": 0.9295063614845276,
  "train_mae": 0.033362116664648056,
  "train_dec1_cross_entropy": 0.27872607111930847,
  "train_dec1_self_entropy": 0.0,
  "train_dec2_cross_entropy": -0.12656575441360474,
  "train_dec2_self_entropy": 0.0,
  "train_notears": 0.0,
  "train_loss": 0.0040782131254673,
  "test_loss_X": 0.0011040451936423779,
  "test_loss_Y": 0.0025144440587610006,
  "test_mae_X": 0.025390958413481712,
  "test_mae_Y": 0.03975557163357735,
  "test_r2_X": 0.9524085521697998,
  "test_r2_Y": 0.8909634947776794,
  "test_mae": 0.03257326781749725,
  "test_dec1_cross_entropy": 0.2607823610305786,
  "test_dec1_self_entropy": 0.0,
  "test_dec2_cross_entropy": -0.11656579375267029,
  "test_dec2_self_entropy": 0.0,
  "test_notears": 0.0,
  "test_loss": 0.0030456448439508677,
  "best_epoch": 197,
  "best_checkpoint_path": "/cluster/home/josephj/Masterarbeit/causaliT_new/experiments/stage_mask_on/k_2/checkpoints/best_checkpoint.ckpt"
}