{
  "val_loss_X": 0.02794167958199978,
  "val_loss_Y": 0.029822150245308876,
  "val_mae_X": 0.09967454522848129,
  "val_mae_Y": 0.1334347277879715,
  "val_r2_X": 0.8187214732170105,
  "val_r2_Y": -0.11248613148927689,
  "val_mae": 0.1232418492436409,
  "val_notears": 0.0,
  "val_loss": 0.05776383355259895,
  "train_loss_X": 0.039140570908784866,
  "train_loss_Y": 0.021677693352103233,
  "train_mae_X": 0.13352008163928986,
  "train_mae_Y": 0.11410228163003922,
  "train_r2_X": 0.7456063032150269,
  "train_r2_Y": 0.16712073981761932,
  "train_mae": 0.11996490508317947,
  "train_notears": 0.0,
  "train_loss": 0.060818273574113846,
  "test_loss_X": 0.023537857457995415,
  "test_loss_Y": 0.05671235918998718,
  "test_mae_X": 0.09381383657455444,
  "test_mae_Y": 0.19375915825366974,
  "test_r2_X": 0.8480302691459656,
  "test_r2_Y": -1.0752726793289185,
  "test_mae": 0.16358371078968048,
  "test_notears": 0.0,
  "test_loss": 0.08025021106004715,
  "best_epoch": 261,
  "best_checkpoint_path": "/cluster/home/josephj/Masterarbeit/causaliT_new/experiments/stage_dyconex/k_4/checkpoints/best_checkpoint.ckpt"
}